310326500315,Flutter Developer,Quarks Technosoft,https://www.naukri.com/job-listings-flutter-developer-quarks-bengaluru-6-to-8-years-310326500315
050626005966,Flutter Developer,Orcapod Consulting Services Private Limited,https://www.naukri.com/job-listings-flutter-developer-orcapod-consulting-services-hyderabad-bengaluru-mumbai-all-areas-7-to-12-years-050626005966
4418822995,Frontend Developer | $70/hr Remot,Crossing Hurdle,https://www.linkedin.com/jobs/view/4418822995
4424709161,Mobile Application Develope,Flexipl,https://www.linkedin.com/jobs/view/4424709161
4424168201,Mobile Enginee,Inceptio,https://www.linkedin.com/jobs/view/4424168201
4424233005,Frontend Enginee,Jobgethe,https://www.linkedin.com/jobs/view/4424233005
4420133604,Senior Software Enginee,QualRec Solution,https://www.linkedin.com/jobs/view/4420133604
4424496458,Flutter Developer / Mobile App Developer / Cross Platfor,ZeOrbit - Website Designer | Mobile App Maker,https://www.linkedin.com/jobs/view/4424496458
4424565290,Frontend Develope,Scouti,https://www.linkedin.com/jobs/view/4424565290
4424234598,3–4 Hours a Day. ₹50K–₹1L a Month. From Home. ,Cuemat,https://www.linkedin.com/jobs/view/4424234598
4404541523,Frontend Developer - Remot,Termgri,https://www.linkedin.com/jobs/view/4404541523
4413977062,Front End Enginee,Komodo Healt,https://www.linkedin.com/jobs/view/4413977062
4421165763,Interactive ads develope,Masscom Corporatio,https://www.linkedin.com/jobs/view/4421165763
4422133526,Full Stack Develope,"EVS, Inc",https://www.linkedin.com/jobs/view/4422133526
4421857297,Frontend Develope,Synmatch A,https://www.linkedin.com/jobs/view/4421857297
4416166113,Sr. Frontend Develope,Certa.a,https://www.linkedin.com/jobs/view/4416166113
4421130230,Software Development Enginee,InCommo,https://www.linkedin.com/jobs/view/4421130230
4424148680,Full-Stack Software Engineer (Remote,Hire Fee,https://www.linkedin.com/jobs/view/4424148680
4424567291,Fullstack Flutter Develope,Swades A,https://www.linkedin.com/jobs/view/4424567291
4398666819,Mobile Engineer - Angula,Aviato Consultin,https://www.linkedin.com/jobs/view/4398666819
4424500707,Mobile App Developer (React Native + Expo,Radix2 Tech Solution,https://www.linkedin.com/jobs/view/4424500707
4423880462,Senior Full-stack Engineer - Remot,Sprint,https://www.linkedin.com/jobs/view/4423880462
4423004639,Software Developer (5–7 Years Experience,"Sky Systems, Inc. (SkySys",https://www.linkedin.com/jobs/view/4423004639
4424167008,Senior Front-End Developer (Svelte / Modern JS Frameworks) - (REMOTE,Charles River Laboratorie,https://www.linkedin.com/jobs/view/4424167008
4422514112,Software Engineer | Remot,Crossing Hurdle,https://www.linkedin.com/jobs/view/4422514112
4422822189,Frontend Engineer | Remot,Crossing Hurdle,https://www.linkedin.com/jobs/view/4422822189
4422958418,Frontend Develope,Inceptio,https://www.linkedin.com/jobs/view/4422958418
4424507874,Software Engineer: Fronten,Jobgethe,https://www.linkedin.com/jobs/view/4424507874
4419292664,Software Enginee,Beckman Coulter Life Science,https://www.linkedin.com/jobs/view/4419292664
4423348686,Frontend Develope,Recrew A,https://www.linkedin.com/jobs/view/4423348686
4420417225,React Development Professiona,Navia,https://www.linkedin.com/jobs/view/4420417225
4409969800,UI/UX Develope,Lincoln Internationa,https://www.linkedin.com/jobs/view/4409969800
4422933048,Senior Software Enginee,Pism,https://www.linkedin.com/jobs/view/4422933048
4424572304,Sr. Software Engineer B,Cognizan,https://www.linkedin.com/jobs/view/4424572304
4424588243,"Front End Developer Intern (HTML, CSS, JavaScript, React",Wake Up Whistl,https://www.linkedin.com/jobs/view/4424588243
4420721849,Frontend Enginee,shopfl,https://www.linkedin.com/jobs/view/4420721849
4412733901,Senior DevRel Enginee,HackerRan,https://www.linkedin.com/jobs/view/4412733901
3901531873,Software Development Enginee,Transaction Network Services (TNS,https://www.linkedin.com/jobs/view/3901531873
4424050713,Web UI Developer | $70/hr Remot,Crossing Hurdle,https://www.linkedin.com/jobs/view/4424050713
4422827025,Software Engineer- AI Assiste,Ajacku,https://www.linkedin.com/jobs/view/4422827025
4420921147,Frontend Developer – HTML/CSS (Freelancer,Deccan AI Expert,https://www.linkedin.com/jobs/view/4420921147
4395979813,Frontend Develope,Tata Consultancy Service,https://www.linkedin.com/jobs/view/4395979813
4419621878,Software Enginee,Beckman Coulter Life Science,https://www.linkedin.com/jobs/view/4419621878
4401466205,Computer Scientis,Adob,https://www.linkedin.com/jobs/view/4401466205
4420282409,User Experience Designe,HCLSoftwar,https://www.linkedin.com/jobs/view/4420282409
4412910784,Lead Software Integration Enginee,Thale,https://www.linkedin.com/jobs/view/4412910784
4416228011,Manager; Software Engineerin,Vis,https://www.linkedin.com/jobs/view/4416228011
4391195721,Software Develope,Infosy,https://www.linkedin.com/jobs/view/4391195721
4417365825,Senior Frontend Engineer (React,Wolib,https://www.linkedin.com/jobs/view/4417365825
4405532091,Senior Software Engineer I/II (Frontend,Gene,https://www.linkedin.com/jobs/view/4405532091
4405248833,Software Engineer I,Pear,https://www.linkedin.com/jobs/view/4405248833
4412750796,Frontend Developer (React/Next.js) (Freelancer,Deccan AI Expert,https://www.linkedin.com/jobs/view/4412750796
4417853771,Frontend Develope,Wisemon,https://www.linkedin.com/jobs/view/4417853771
4412570755,Staff Enginee,Nagarr,https://www.linkedin.com/jobs/view/4412570755
4423379046,Software Enginee,Tektroni,https://www.linkedin.com/jobs/view/4423379046
4424322887,iOS Enginee,Lenskart.co,https://www.linkedin.com/jobs/view/4424322887
4423585091,Mobile App Develope,Odixcity Consultin,https://www.linkedin.com/jobs/view/4423585091
4424770124,Software Support Engineer - ,Esk,https://www.linkedin.com/jobs/view/4424770124
4418774915,Software Development Enginee,Adob,https://www.linkedin.com/jobs/view/4418774915
4414157396,Software Development Enginee,Lenov,https://www.linkedin.com/jobs/view/4414157396
4413846915,Learning Operations & Content Admin (Apprentice 6 months) Freshers - Night Shif,"Azuga, Inc",https://www.linkedin.com/jobs/view/4413846915
4419610206,Senior Software Enginee,UiPat,https://www.linkedin.com/jobs/view/4419610206
4424558677,iOS Developer | Remot,Crossing Hurdle,https://www.linkedin.com/jobs/view/4424558677
4424358363,Senior IOS Enginee,Jobgethe,https://www.linkedin.com/jobs/view/4424358363
4422650330,Senior Software Engineer — AI Evaluation & Benchmark,Aligner,https://www.linkedin.com/jobs/view/4422650330
4423975013,JavaScript Software Developer - Remote Wor,BairesDe,https://www.linkedin.com/jobs/view/4423975013
4422836395,Senior AI Enginee,Flipkar,https://www.linkedin.com/jobs/view/4422836395
4371516951,Software Engineer ,Adob,https://www.linkedin.com/jobs/view/4371516951
4424759583,Advanced Software Eng,Honeywell Aerospace Technologie,https://www.linkedin.com/jobs/view/4424759583
4424722807,React Native Enginee,SME Career,https://www.linkedin.com/jobs/view/4424722807
4393025933,Golang Develope,Infosy,https://www.linkedin.com/jobs/view/4393025933
4424560225,iOS Develope,Scouti,https://www.linkedin.com/jobs/view/4424560225
4424454273,Technical Developer - Claude Code Hobbyis,Amotion A,https://www.linkedin.com/jobs/view/4424454273
4404430317,Associate Software Engineer (SAP Dev,Precisel,https://www.linkedin.com/jobs/view/4404430317
4424249762,AI Engineer - Forward Deployed Enginee,Cognizan,https://www.linkedin.com/jobs/view/4424249762
4414671912,Principal Software Enginee,Commonwealth Ban,https://www.linkedin.com/jobs/view/4414671912
4421825172,Software Engineer - Fronten,InCommo,https://www.linkedin.com/jobs/view/4421825172
4423351236,Sr Associate Software Enginee,AXA X,https://www.linkedin.com/jobs/view/4423351236
4424070681,Senior Endpoint Engineer - Jam,Genesy,https://www.linkedin.com/jobs/view/4424070681
4414151647,Software Development Enginee,Lenov,https://www.linkedin.com/jobs/view/4414151647
4423986500,Semi Senior React Developer - Remote Wor,BairesDe,https://www.linkedin.com/jobs/view/4423986500
4424582321,"Front End Developer Intern (HTML, CSS, JavaScript, React",Wake Up Whistl,https://www.linkedin.com/jobs/view/4424582321
4421157461,"Lead Software Engineer (Full Stack & AI) (Remote, Full-Time) [AS251",Smart Workin,https://www.linkedin.com/jobs/view/4421157461
4391797967,Associate Software Enginee,Carelon Global Solutions Indi,https://www.linkedin.com/jobs/view/4391797967
040226502663,Flutter Developer,Uddan Promotions,https://www.naukri.com/job-listings-flutter-developer-uddan-promotions-pvt-ltd-jaipur-2-to-7-years-040226502663
160524502365,Flutter Developer,Renderindia Infotech,https://www.naukri.com/job-listings-flutter-developer-renderindia-infotech-bengaluru-2-to-7-years-160524502365
261224501523,Flutter Development,Possibility Solutions,https://www.naukri.com/job-listings-flutter-development-possibility-solutions-kolkata-mumbai-new-delhi-hyderabad-pune-chennai-bengaluru-2-to-7-years-261224501523
090626009447,Flutter Developer,Orcapod Consulting Services Private Limited,https://www.naukri.com/job-listings-flutter-developer-orcapod-consulting-services-hyderabad-bengaluru-7-to-9-years-090626009447
300724501923,FLUTTER ENGINEER,Esportsxo,https://www.naukri.com/job-listings-flutter-engineer-esportsxo-techno-xo-pvt-ltd-bengaluru-5-to-10-years-300724501923
020626027375,Flutter Developer,Gamerun.ai,https://www.naukri.com/job-listings-flutter-developer-gamerun-ai-noida-3-to-8-years-020626027375
290426030148,AI Evaluation Engineer Dart / Flutter,Biz Tech Analytics,https://www.naukri.com/job-listings-ai-evaluation-engineer-dart-flutter-biz-tech-analytics-new-delhi-3-to-8-years-290426030148
211125500041,Flutter Developer,Haabtek Labs,https://www.naukri.com/job-listings-flutter-developer-haabtek-labs-pvt-ltd-new-delhi-3-to-8-years-211125500041
250225500880,Flutter Developer,AppVenture.,https://www.naukri.com/job-listings-flutter-developer-appventure-noida-3-to-8-years-250225500880
151025500387,Flutter Developer,Nauticalinfo Solutions,https://www.naukri.com/job-listings-flutter-developer-nauticalinfo-solutions-mumbai-2-to-8-years-151025500387
120525504475,Flutter Developer,Sangvish Technologies,https://www.naukri.com/job-listings-flutter-developer-sangvish-technologies-madurai-2-to-7-years-120525504475
4383100383,Senior Mobile App Develope,Harris Global Business Services (GBS,https://www.linkedin.com/jobs/view/4383100383
4417604585,"Engineer II, Softwar",Thermo Fisher Scientifi,https://www.linkedin.com/jobs/view/4417604585
4425084842,Frontend Develope,Scouti,https://www.linkedin.com/jobs/view/4425084842
4325424519,Software Engineer Backend (SDE 2,Arcan,https://www.linkedin.com/jobs/view/4325424519
4425092897,Computer Scientist - ,Adob,https://www.linkedin.com/jobs/view/4425092897
4415349812,Senior Frontend Enginee,Recrew A,https://www.linkedin.com/jobs/view/4415349812
4424330079,Pediatric Healthcare Consultan,Svayou Healthcar,https://www.linkedin.com/jobs/view/4424330079
4421920790,Software Engineer I,UiPat,https://www.linkedin.com/jobs/view/4421920790
4416727363,Full Stack Mobile Developer IOS Android Inter,Jetty A,https://www.linkedin.com/jobs/view/4416727363
4425099027,Software Enginee,Scouti,https://www.linkedin.com/jobs/view/4425099027
4425567713,Frontend Develope,FetchJobs.c,https://www.linkedin.com/jobs/view/4425567713
4412754038,Junior Frontend Engineer (Freelancer,Deccan AI Expert,https://www.linkedin.com/jobs/view/4412754038
4422001549,Speech Language Pathologis,Dimensions Centre for Child Developmen,https://www.linkedin.com/jobs/view/4422001549
4415008478,CMA US Facult,MyLogic Business Management Schoo,https://www.linkedin.com/jobs/view/4415008478
4418942284,Sr. Software Enginee,Vis,https://www.linkedin.com/jobs/view/4418942284
4424052859,Front End Engineer / Front End Develope,Jobgethe,https://www.linkedin.com/jobs/view/4424052859
4410379300,Senior Software Enginee,Legal Experts A,https://www.linkedin.com/jobs/view/4410379300
4384498283,Staff IT Software Enginee,Palo Alto Network,https://www.linkedin.com/jobs/view/4384498283
4416183880,Computer Scientis,Adob,https://www.linkedin.com/jobs/view/4416183880
4415058933,Senior Software Enginee,Chargebe,https://www.linkedin.com/jobs/view/4415058933
4412252637,Lead Software Engineer- Backen,Pocket F,https://www.linkedin.com/jobs/view/4412252637
4373337133,Frontend Develope,InOpTra Digita,https://www.linkedin.com/jobs/view/4373337133
4421096359,Lead Software Engineer | Remot,Crossing Hurdle,https://www.linkedin.com/jobs/view/4421096359
4417878105,Director of Engineerin,Straatix Partner,https://www.linkedin.com/jobs/view/4417878105
4418843511,React Native Enginee,Infosy,https://www.linkedin.com/jobs/view/4418843511
4392883495,Software engineer - ,Procindex (YC S25,https://www.linkedin.com/jobs/view/4392883495
4425084907,Software Enginee,Scouti,https://www.linkedin.com/jobs/view/4425084907
4425562824,AEM Guides Senior Developer-PAN Indi,Maneva Consulting Pvt. Ltd,https://www.linkedin.com/jobs/view/4425562824
4414375415,Application Engineer II,Johnson Control,https://www.linkedin.com/jobs/view/4414375415
4418948232,Senior Roblox Develope,Games2win India Pvt Lt,https://www.linkedin.com/jobs/view/4418948232
4424661690,Senior Unreal Engine Developer/Artis,Sthyr,https://www.linkedin.com/jobs/view/4424661690
4422244258,Software Developer ,Oracl,https://www.linkedin.com/jobs/view/4422244258
4420732575,Technical Program Manage,Triomic,https://www.linkedin.com/jobs/view/4420732575
4425098400,Senior Software Enginee,Scouti,https://www.linkedin.com/jobs/view/4425098400
4421596100,Senior Software Enginee,REConnect Energ,https://www.linkedin.com/jobs/view/4421596100
4425573716,JavaScript Develope,FetchJobs.c,https://www.linkedin.com/jobs/view/4425573716
4425270707,Front End Enginee,Lyzr A,https://www.linkedin.com/jobs/view/4425270707
4425238540,Software Enginee,Pentasen,https://www.linkedin.com/jobs/view/4425238540
4425454006,Senior Software Enginee,Pear,https://www.linkedin.com/jobs/view/4425454006
4420745033,Develope,Thoughtwork,https://www.linkedin.com/jobs/view/4420745033
4421902031,React Developer - 3-4 Year,Euphoric Thought Technologies Pvt. Ltd,https://www.linkedin.com/jobs/view/4421902031
4425946642,Software Engineer — AI Code Rankin,Aligner,https://www.linkedin.com/jobs/view/4425946642
4423935620,T24 L3 Developmen,ITS,https://www.linkedin.com/jobs/view/4423935620
4425245092,Software Developer | $80/hr Remot,Crossing Hurdle,https://www.linkedin.com/jobs/view/4425245092
4422233703,System Enginee,Clan,https://www.linkedin.com/jobs/view/4422233703
4425555989,"Software Engineer (Python, JavaScript/TypeScript, Go) - Remot",Hire,https://www.linkedin.com/jobs/view/4425555989
4425078743,Software Develope,Atlas Copco Grou,https://www.linkedin.com/jobs/view/4425078743
4425465210,Software Engr I,Honeywel,https://www.linkedin.com/jobs/view/4425465210
4417859756,2D Game Developer (libGDX) | Remot,Crossing Hurdle,https://www.linkedin.com/jobs/view/4417859756
4424451740,"French specialists with proven success in Cambridge IGCSE, IB MYP, IB D",Fundoo tuto,https://www.linkedin.com/jobs/view/4424451740
4424043919,Senior / In-charge Physiotherapist - MSK & Sport,Stance Healt,https://www.linkedin.com/jobs/view/4424043919
4424564784,Medical Consultan,Allo Healt,https://www.linkedin.com/jobs/view/4424564784
4425533513,Python Developer Intern (Remote) | Python | Backend Development | API Integratio,Inficore Sof,https://www.linkedin.com/jobs/view/4425533513
4423891741,Biology Teache,Sairam Institution,https://www.linkedin.com/jobs/view/4423891741
4425915602,Software Enginee,Globus Medica,https://www.linkedin.com/jobs/view/4425915602
4425417968,Software Engineer - Python (Advanced,Aligner,https://www.linkedin.com/jobs/view/4425417968
4422589429,Software Enginee,AS Watso,https://www.linkedin.com/jobs/view/4422589429
4416228006,Software Development Enginee,Trelli,https://www.linkedin.com/jobs/view/4416228006
4419266426,Splunk Enginee,Payat,https://www.linkedin.com/jobs/view/4419266426
4422230694,Software Enginee,CareerXperts Consultin,https://www.linkedin.com/jobs/view/4422230694
4419670199,Senior Engineer ,American Express Global Business Trave,https://www.linkedin.com/jobs/view/4419670199
4421995054,Senior Software Enginee,IDB,https://www.linkedin.com/jobs/view/4421995054
4416921303,Senior Engineer - U,Thale,https://www.linkedin.com/jobs/view/4416921303
4406287133,Speech Therapis,Samarthang Healthcare Private Limited,https://www.linkedin.com/jobs/view/4406287133
4415355086,Forward Deployed Enginee,Nanonet,https://www.linkedin.com/jobs/view/4415355086
4415113139,Software Development Engineer-I,Cashfree Payment,https://www.linkedin.com/jobs/view/4415113139
4423332829,UI Architec,Rocket Learnin,https://www.linkedin.com/jobs/view/4423332829
4306131131,Senior Mobile Enginee,assembl,https://www.linkedin.com/jobs/view/4306131131
4398888111,Senior Software Engineer (Front End,Qoal,https://www.linkedin.com/jobs/view/4398888111
4421794611,Frontend Develope,GoM,https://www.linkedin.com/jobs/view/4421794611
4425074907,"Full-stack developer (5+ exp, Equity only, Part-time",Kefil,https://www.linkedin.com/jobs/view/4425074907
4411886468,Frontend Enginee,Huzzle.co,https://www.linkedin.com/jobs/view/4411886468
4424167842,Hogan Developer - Remote/Bengaluru/Pun,Luxoft Indi,https://www.linkedin.com/jobs/view/4424167842
4415011216,SDE III - Data Platfor,Nav,https://www.linkedin.com/jobs/view/4415011216
4415862681,Senior Frontend Enginee,Recrew A,https://www.linkedin.com/jobs/view/4415862681
4382927944,UI/UX Designer - AI-Native Healthcare SaaS | Zenara Healt,Zenara Healt,https://www.linkedin.com/jobs/view/4382927944
4384301139,Senior Software Enginee,Summatio,https://www.linkedin.com/jobs/view/4384301139
4421327410,Frontend Develope,Teamifie,https://www.linkedin.com/jobs/view/4421327410
4423948329,Software Engineer Developmen,Trelleborg Sealing Solution,https://www.linkedin.com/jobs/view/4423948329
4418852009,React Native Develope,Infosy,https://www.linkedin.com/jobs/view/4418852009
4385020899,Software Develope,CipherSonic A,https://www.linkedin.com/jobs/view/4385020899
4412263019,Lead software Enginee,Beckman Coulter Diagnostic,https://www.linkedin.com/jobs/view/4412263019
4425068857,Back End Develope,SuperPe Marketplace Private Limite,https://www.linkedin.com/jobs/view/4425068857
4423364326,SW Enginee,Pism,https://www.linkedin.com/jobs/view/4423364326
4408246573,Systems Enginee,Vis,https://www.linkedin.com/jobs/view/4408246573
4368231649,SDE - 2 Fronten,myHQ by ANAROC,https://www.linkedin.com/jobs/view/4368231649
4408858341,Software Engineer | Remot,Crossing Hurdle,https://www.linkedin.com/jobs/view/4408858341
4413242435,Senior Develope,"GE Appliances, a Haier compan",https://www.linkedin.com/jobs/view/4413242435
4396318176,Develope,Sonata Softwar,https://www.linkedin.com/jobs/view/4396318176
4422347468,Senior Full Stack Enginee,Marketnod,https://www.linkedin.com/jobs/view/4422347468
4332967601,Senior Software Enginee,FreJu,https://www.linkedin.com/jobs/view/4332967601
4424368170,Mobile Game Developer (Solar2D / Corona SDK) | Remot,Crossing Hurdle,https://www.linkedin.com/jobs/view/4424368170
4425092933,Frontend Develope,Scouti,https://www.linkedin.com/jobs/view/4425092933
4421570711,Archer Develope,Tipstat,https://www.linkedin.com/jobs/view/4421570711
4416262595,Mobile Game Developer (Solar2D formerly Corona SDK,Weekday AI (YC W21,https://www.linkedin.com/jobs/view/4416262595
4306133081,Senior Frontend Develope,Nexuses - B2B Growth Agenc,https://www.linkedin.com/jobs/view/4306133081
4417292949,"Engineer III, Softwar",Thermo Fisher Scientifi,https://www.linkedin.com/jobs/view/4417292949
4410483832,C++ Developer | $27/hr Remot,Crossing Hurdle,https://www.linkedin.com/jobs/view/4410483832
4425449892,Typescript Developer (Freelancer,Deccan AI Expert,https://www.linkedin.com/jobs/view/4425449892
4421687679,Junior Solar2D Game Develope,Weekday AI (YC W21,https://www.linkedin.com/jobs/view/4421687679
4410239617,Lead Software Enginee,Clari,https://www.linkedin.com/jobs/view/4410239617
4419144687,Senior Software Enginee,Lexsi Lab,https://www.linkedin.com/jobs/view/4419144687
4414473939,SA_104-AUTOSAR Application Software Enginee,Marute,https://www.linkedin.com/jobs/view/4414473939
4412676307,Senior Software Enginee,Trane Technologie,https://www.linkedin.com/jobs/view/4412676307
4425563396,Go Highlevel Develope,Whitefield Career,https://www.linkedin.com/jobs/view/4425563396
4344231386,Staff Software Enginee,dbt Lab,https://www.linkedin.com/jobs/view/4344231386
4070841434,Frontend Enginee,Drivetrai,https://www.linkedin.com/jobs/view/4070841434
4415177454,Software Architect - Freelanc,Tamilnadu Advanced Technical Training Institut,https://www.linkedin.com/jobs/view/4415177454
4424535093,Senior React Native Developer (Crypto Wallet & Card,Jobgethe,https://www.linkedin.com/jobs/view/4424535093
4425097773,Software Enginee,Scouti,https://www.linkedin.com/jobs/view/4425097773
4368170416,Claude Code,Develop Coachin,https://www.linkedin.com/jobs/view/4368170416
4422056222,Mendix Develope,Infosy,https://www.linkedin.com/jobs/view/4422056222
4419285080,Software Developer – Competitive Programming | $70/hr Remot,Crossing Hurdle,https://www.linkedin.com/jobs/view/4419285080
4373119564,Staff IT Software Enginee,Palo Alto Network,https://www.linkedin.com/jobs/view/4373119564
4424095668,Junior Software Engineer - Test System,Sarla Aviatio,https://www.linkedin.com/jobs/view/4424095668
4306120383,Freelance React Native Develope,Redink Classroo,https://www.linkedin.com/jobs/view/4306120383
4424407383,Webflow Develope,Firstsourc,https://www.linkedin.com/jobs/view/4424407383
4413524920,Senior Software Enginee,Alvaria In,https://www.linkedin.com/jobs/view/4413524920
4416272597,3D Game Developer - Panda3,Weekday AI (YC W21,https://www.linkedin.com/jobs/view/4416272597
4422337398,Senior Technical Program Manager — App Execution & SDL,Recrew A,https://www.linkedin.com/jobs/view/4422337398
4423396461,Manager Software Engineering -U,Caterpillar Inc,https://www.linkedin.com/jobs/view/4423396461
4419692626,Senior Software Enginee,Vensure Employer Solution,https://www.linkedin.com/jobs/view/4419692626
4424024389,Software Development Engineer ,Nxtwave (Hiring for a client,https://www.linkedin.com/jobs/view/4424024389
4425597502,Unity Develope,Aio Spac,https://www.linkedin.com/jobs/view/4425597502
4425078944,Frontend Develope,Scouti,https://www.linkedin.com/jobs/view/4425078944
4422524838,Software Engineer | Remot,Crossing Hurdle,https://www.linkedin.com/jobs/view/4422524838
4420104922,Software Craftsperson/Full-stack - I,Incubyt,https://www.linkedin.com/jobs/view/4420104922
4416167340,"Staff Engineer, S",Lenov,https://www.linkedin.com/jobs/view/4416167340
4424352805,"Sr. Manager, Technical Suppor",Smartshee,https://www.linkedin.com/jobs/view/4424352805
4425475550,Software Engineer Specialis,Esk,https://www.linkedin.com/jobs/view/4425475550
4405641731,Senior Software Enginee,Vis,https://www.linkedin.com/jobs/view/4405641731
4414672868,Senior Mobile App Develope,Harris Compute,https://www.linkedin.com/jobs/view/4414672868
4421900942,Full Stack Developer-Pytho,Evalueserve Indi,https://www.linkedin.com/jobs/view/4421900942
4425079937,Frontend Develope,Scouti,https://www.linkedin.com/jobs/view/4425079937
4422240290,React Native App Development Intern (TypeScript,Vestcode,https://www.linkedin.com/jobs/view/4422240290
4376730929,Technical Lead - Indi,Juniper Squar,https://www.linkedin.com/jobs/view/4376730929
4425441249,Software Engineer C++ Rust G,Applicant,https://www.linkedin.com/jobs/view/4425441249
4408224966,Sr Software Engineer – Backen,Renesas Electronic,https://www.linkedin.com/jobs/view/4408224966
4425120374,Software Engineer I,Microsof,https://www.linkedin.com/jobs/view/4425120374
4407604580,Computer Vision Specialis,Siemens Energ,https://www.linkedin.com/jobs/view/4407604580
4383124562,Senior IT Software Enginee,Palo Alto Network,https://www.linkedin.com/jobs/view/4383124562
4388377448,Mobile Develope,SPA,https://www.linkedin.com/jobs/view/4388377448
4139847321,Full Stack Mobile App Develope,iNetFrame Technologie,https://www.linkedin.com/jobs/view/4139847321
4255282338,Software Enginee,BlogVaul,https://www.linkedin.com/jobs/view/4255282338
4326226505,Staff Software Engineer (Remote,Arcan,https://www.linkedin.com/jobs/view/4326226505
4412891370,Software Development Engineer III - Calendars (Frontend,HighLeve,https://www.linkedin.com/jobs/view/4412891370
4413022668,Senior Software Enginee,Vis,https://www.linkedin.com/jobs/view/4413022668
4411867920,Rust Developer | $27/hr Remot,Crossing Hurdle,https://www.linkedin.com/jobs/view/4411867920
4413521599,Full-Stack Software Engineer - will conduct technical interviews (Contract/Remote,Kara,https://www.linkedin.com/jobs/view/4413521599
4420135702,Senior Software Engineer ,Cephei,https://www.linkedin.com/jobs/view/4420135702
4306113555,Frontend Develope,Niyati Technologies Pvt. Ltd,https://www.linkedin.com/jobs/view/4306113555
4405148685,Frontend Developer | $70/hr Remot,Crossing Hurdle,https://www.linkedin.com/jobs/view/4405148685
4390755267,Senior Software Enginee,Pearso,https://www.linkedin.com/jobs/view/4390755267
4416212214,Staff SW Enginee,Vis,https://www.linkedin.com/jobs/view/4416212214
4392872848,Power Programmer - Senior Technologist Frontend React(Q1-FY-26,Infosy,https://www.linkedin.com/jobs/view/4392872848
4415076831,Mulesoft Develope,TC,https://www.linkedin.com/jobs/view/4415076831
4411369245,Mobile Application Develope,MHPI (Masco Home Products India,https://www.linkedin.com/jobs/view/4411369245
4410811303,Software Development Engineer I,CS,https://www.linkedin.com/jobs/view/4410811303
4422877753,3D UI Develope,Pro5.a,https://www.linkedin.com/jobs/view/4422877753
4425076434,Full Stack AI Enginee,Jobgethe,https://www.linkedin.com/jobs/view/4425076434
4415231444,Sr Staff Engineer Softwar,Palo Alto Network,https://www.linkedin.com/jobs/view/4415231444
4322205982,"Ralph Lauren Flex PLM Developer, Bangalore, India (Hybrid",BoF Career,https://www.linkedin.com/jobs/view/4322205982
4380254435,Full Stack Builder (Team of One,HighLeve,https://www.linkedin.com/jobs/view/4380254435
4364308259,Ui Path Developer /Sr Develope,FourNx,https://www.linkedin.com/jobs/view/4364308259
4422237700,Javascript Develope,CareerXperts Consultin,https://www.linkedin.com/jobs/view/4422237700
4424097391,Software Engineer – Healthcare Revenue Cycle Management (RCM,CasaRC,https://www.linkedin.com/jobs/view/4424097391
4351971133,CTO / Founding Mobile Engineer | React Native (+ Node,WellVantage (IIT-K incubated,https://www.linkedin.com/jobs/view/4351971133
4414559187,"Senior Forward Deployed Engineer, A",Komodo Healt,https://www.linkedin.com/jobs/view/4414559187
4418837786,"Next JS, Typescript Develope",Infosy,https://www.linkedin.com/jobs/view/4418837786
4410381879,Senior Software Enginee,Tech Mahindr,https://www.linkedin.com/jobs/view/4410381879
4418843246,Founding Enginee,TheJobsMa,https://www.linkedin.com/jobs/view/4418843246
4380170860,Frontend Engineer (React Native,Tempo (YC S23,https://www.linkedin.com/jobs/view/4380170860
4413538197,Senior Software Enginee,Alvaria In,https://www.linkedin.com/jobs/view/4413538197
4410151889,Application Support Enginee,Genesis Globa,https://www.linkedin.com/jobs/view/4410151889
4420419202,Software Engineer – AI & Full-Stac,Recrew A,https://www.linkedin.com/jobs/view/4420419202
4423360700,"Sr Mgr, Software Development Engineerin",F,https://www.linkedin.com/jobs/view/4423360700
4417327335,Software Enginee,Datma,https://www.linkedin.com/jobs/view/4417327335
4416131035,Software Engineer Intern - Devop,Zam,https://www.linkedin.com/jobs/view/4416131035
4413905954,前端开发实习生（Vibe Coding全栈方向,Gat,https://www.linkedin.com/jobs/view/4413905954
4424734382,Lead Software Engineer-SR,Caterpillar Inc,https://www.linkedin.com/jobs/view/4424734382
4403393045,"Sr Product Designer, Document Clou",Adob,https://www.linkedin.com/jobs/view/4403393045
4409284401,Senior Software Development Enginee,"NTT DATA, Inc",https://www.linkedin.com/jobs/view/4409284401
4424589608,Mod Engineer (FDE,Kyndryl Indi,https://www.linkedin.com/jobs/view/4424589608
4425575491,Sound Enginee,Kuk,https://www.linkedin.com/jobs/view/4425575491
4417181025,"AI Deployment Engineer, Startup",OpenA,https://www.linkedin.com/jobs/view/4417181025
4379656538,Software Engineer (Telephony,Skit.a,https://www.linkedin.com/jobs/view/4379656538
4425235860,Senior Airtable Develope,Ajacku,https://www.linkedin.com/jobs/view/4425235860
4422666998,Sr. SW Enginee,Vis,https://www.linkedin.com/jobs/view/4422666998
4401786572,Agentic Software Engineer (Google Antigravity) - Remote - Indi,FullStac,https://www.linkedin.com/jobs/view/4401786572
4424576249,Sr. Software Engineer B,Cognizan,https://www.linkedin.com/jobs/view/4424576249
4424581659,Mod Engineer (FDE,Kyndryl Indi,https://www.linkedin.com/jobs/view/4424581659
4416110990,Implementation Enginee,Cooho,https://www.linkedin.com/jobs/view/4416110990
4417308264,Senior UI Developer (React.js,Tilda Researc,https://www.linkedin.com/jobs/view/4417308264
4411459399,Senior Software Engineer - DevOps (Sports Team) Bangalor,Warner Bros. Discover,https://www.linkedin.com/jobs/view/4411459399
4414700738,Require a Software Development Engineer in Bengalur,TestHirin,https://www.linkedin.com/jobs/view/4414700738
4422390015,Technical Artis,PlaySimple Game,https://www.linkedin.com/jobs/view/4422390015
4425215824,Software Developer | $80/hr Remot,Crossing Hurdle,https://www.linkedin.com/jobs/view/4425215824
4306126322,Front End Develope,Shuttl,https://www.linkedin.com/jobs/view/4306126322
4423223159,Lead AI Product Designer (IC Track,Rea,https://www.linkedin.com/jobs/view/4423223159
4425591617,Platform Develope,PalC Network,https://www.linkedin.com/jobs/view/4425591617
4423071059,Lead Enginee,Majesc,https://www.linkedin.com/jobs/view/4423071059
4382799571,Full Stack Builde,HighLeve,https://www.linkedin.com/jobs/view/4382799571
4391814330,"Sr Product Designer, Adobe Journey Optimize",Adob,https://www.linkedin.com/jobs/view/4391814330
4425482416,Founding Software Enginee,Upler,https://www.linkedin.com/jobs/view/4425482416
4425443995,Full-Stack Develope,Siemen,https://www.linkedin.com/jobs/view/4425443995
4406061179,"Senior Software Engineer I, Insurance Service",Porch Grou,https://www.linkedin.com/jobs/view/4406061179
4422959107,"Senior Systems Engineer, (Python, GenAI, MCP",Airbn,https://www.linkedin.com/jobs/view/4422959107
4416169294,"Advisory Engineer, S",Lenov,https://www.linkedin.com/jobs/view/4416169294
4313254759,Software Engineer - Fronten,Skyflo,https://www.linkedin.com/jobs/view/4313254759
4422385018,Associate UX Designe,PlaySimple Game,https://www.linkedin.com/jobs/view/4422385018
4417129038,Distinguished Architect - AI/GenA,Infosy,https://www.linkedin.com/jobs/view/4417129038
4416176187,GTM Enginee,Gooder,https://www.linkedin.com/jobs/view/4416176187
4407575751,Remote Support Enginee,Bruke,https://www.linkedin.com/jobs/view/4407575751
4425909677,Enginee,Targe,https://www.linkedin.com/jobs/view/4425909677
4373674789,"Staff Product Designer, Firefly Enterpris",Adob,https://www.linkedin.com/jobs/view/4373674789
4406181247,Implementation Enginee,UptimeAI Inc,https://www.linkedin.com/jobs/view/4406181247
4424267136,AI Engineer - Forward Deployed Enginee,Cognizan,https://www.linkedin.com/jobs/view/4424267136
4414037204,Remote Enginee,"NTT DATA, Inc",https://www.linkedin.com/jobs/view/4414037204
4422238670,Frontend Develope,CareerXperts Consultin,https://www.linkedin.com/jobs/view/4422238670
4424550963,PACS Support Enginee,Telerad Tec,https://www.linkedin.com/jobs/view/4424550963
4422636358,Software Engr I,Honeywel,https://www.linkedin.com/jobs/view/4422636358
4425467786,Associate IT Enginee,PlaySimple Game,https://www.linkedin.com/jobs/view/4425467786
4389921286,Senior Software Enginee,Ecola,https://www.linkedin.com/jobs/view/4389921286
4424906681,Sr Engineer - Target Indi,Targe,https://www.linkedin.com/jobs/view/4424906681
4413445911,"Senior Fullstack Developer (Go, React, cloud",Luxof,https://www.linkedin.com/jobs/view/4413445911
4418200862,Junior AI Enginee,Infosy,https://www.linkedin.com/jobs/view/4418200862
4417208102,Middle Frontend Enginee,NodeShif,https://www.linkedin.com/jobs/view/4417208102
4423396393,Automotive Cybersecurity Enginee,Apti,https://www.linkedin.com/jobs/view/4423396393
4418150110,Guidewire Develope,Tata Consultancy Service,https://www.linkedin.com/jobs/view/4418150110
4385028462,Gen AI-Full Stack Engineer-Senior Associat,PwC Acceleration Center Indi,https://www.linkedin.com/jobs/view/4385028462
4425283747,Front end developer with AI integratio,"Elegant Enterprise-Wide Solutions, Inc",https://www.linkedin.com/jobs/view/4425283747
4421911756,C++ Developer (Linux,Siemen,https://www.linkedin.com/jobs/view/4421911756
4415766810,Forward Deployed Enginee,Opptr,https://www.linkedin.com/jobs/view/4415766810
4403759599,Application Enginee,Johnson Control,https://www.linkedin.com/jobs/view/4403759599
4424273729,Associate Dentist | Mathiker,"Dezy (Smiles.ai) - Dental, made easy",https://www.linkedin.com/jobs/view/4424273729
4354532827,Device - Software Engineer (Firmware,SPA,https://www.linkedin.com/jobs/view/4354532827
4405117846,NodeJS full stac,Virtus,https://www.linkedin.com/jobs/view/4405117846
4401851919,Rust Develope,Infosy,https://www.linkedin.com/jobs/view/4401851919
4415783383,Application Enginee,Cadenc,https://www.linkedin.com/jobs/view/4415783383
4418500818,Mainframe Enginee,Cognizan,https://www.linkedin.com/jobs/view/4418500818
4421923159,Lead Developer - SFD,Siemen,https://www.linkedin.com/jobs/view/4421923159
4422218644,Backend Engineer (Algorithms,Pro5.a,https://www.linkedin.com/jobs/view/4422218644
4417317700,Full Stack Enginee,Datma,https://www.linkedin.com/jobs/view/4417317700
4424512262,Sr. UX Enginee,FlowA,https://www.linkedin.com/jobs/view/4424512262
4417041492,NetReveal Develope,Luxoft Indi,https://www.linkedin.com/jobs/view/4417041492
4423051924,Lead Enginee,Majesc,https://www.linkedin.com/jobs/view/4423051924
4425426344,Senior Frontend Enginee,Applicant,https://www.linkedin.com/jobs/view/4425426344
4424231915,Shopify Front End Develope,Ecom Experts | Shopify Plus Agenc,https://www.linkedin.com/jobs/view/4424231915
4406994196,Frontend Enginee,Husp,https://www.linkedin.com/jobs/view/4406994196
4413850649,Interview Engineer (India - Contract/Remote,Kara,https://www.linkedin.com/jobs/view/4413850649
4422245718,Senior Software Enginee,Legal Experts A,https://www.linkedin.com/jobs/view/4422245718
4414611643,Sr UI/UX Design Enginee,Renesas Electronic,https://www.linkedin.com/jobs/view/4414611643
4422351895,AEM UI Develope,SWITS DIGITAL Private Limite,https://www.linkedin.com/jobs/view/4422351895
4311029679,frontend develope,Cymetri,https://www.linkedin.com/jobs/view/4311029679
4397222277,Senior Technology Architect- SRE- Q1 FY 2,Infosy,https://www.linkedin.com/jobs/view/4397222277
4425107297,Advanced Software Eng,Honeywel,https://www.linkedin.com/jobs/view/4425107297
4424587226,Sr. Software Engineer B,Cognizan,https://www.linkedin.com/jobs/view/4424587226
4410518931,Senior Technical Success Manager-AM,Zscale,https://www.linkedin.com/jobs/view/4410518931
4398388892,STAFF - BACK END DEVELOPE,TE Connectivit,https://www.linkedin.com/jobs/view/4398388892
4422219279,Sr. Software Engineer - SQL Jo,YASH Technologies Middle Eas,https://www.linkedin.com/jobs/view/4422219279
4425597582,Typescript Software Engineer (Remote,Hire Fee,https://www.linkedin.com/jobs/view/4425597582
4418298620,Intune Associate Consultan,Infosy,https://www.linkedin.com/jobs/view/4418298620
4414877784,"R&D Engineer 1, Softwar",Keysight Technologie,https://www.linkedin.com/jobs/view/4414877784
4308800079,Principal Software Enginee,Cotivit,https://www.linkedin.com/jobs/view/4308800079
4410136424,Staff Software Enginee,CAI Software Indi,https://www.linkedin.com/jobs/view/4410136424
4422264142,Software Enginee,Legal Experts A,https://www.linkedin.com/jobs/view/4422264142
4419949858,Senior Software Applications Enginee,Zscale,https://www.linkedin.com/jobs/view/4419949858
4422242898,Senior Full Stack Developer with Gen AI (5-8 YOE,YMinds.A,https://www.linkedin.com/jobs/view/4422242898
4425575076,Senior AI Enginee,Mitra A,https://www.linkedin.com/jobs/view/4425575076
4403515655,Technical Lead_Automotive Cybersecurity(Work Timing: 6pm - 3am,Apti,https://www.linkedin.com/jobs/view/4403515655
4422859923,Shopify Develope,Wellness Extrac,https://www.linkedin.com/jobs/view/4422859923
4286641997,"Web Frontend Engineer - JS, CSS, React, Flutte",Canonica,https://www.linkedin.com/jobs/view/4286641997
4417164255,Developer Experience Enginee,OpenA,https://www.linkedin.com/jobs/view/4417164255
4424054595,Physiotherapis,Akanksha Singh Basketball Academ,https://www.linkedin.com/jobs/view/4424054595
4238480507,Senior Software Enginee,Cotivit,https://www.linkedin.com/jobs/view/4238480507
4410828180,Software Dev Engr II / ,CS,https://www.linkedin.com/jobs/view/4410828180
4409084088,Staff Software Engineer - Semantic Laye,dbt Lab,https://www.linkedin.com/jobs/view/4409084088
4422822182,Frontend Engineer | Remot,Crossing Hurdle,https://www.linkedin.com/jobs/view/4422822182
4424580248,Sr. Software Engineer B,Cognizan,https://www.linkedin.com/jobs/view/4424580248
4401101576,WD_User Experience / User Interactio,Infosy,https://www.linkedin.com/jobs/view/4401101576
4420967498,Software Enginee,Ecola,https://www.linkedin.com/jobs/view/4420967498
4382552938,IT Software Enginee,Palo Alto Network,https://www.linkedin.com/jobs/view/4382552938
4412911789,"Lead Software Engineer- Embedded C/C++. Device driver programming, Linux & Networkin",Thale,https://www.linkedin.com/jobs/view/4412911789
4421904815,"Software Developer (C#, WPF, Angular",Siemen,https://www.linkedin.com/jobs/view/4421904815
4421114141,"Tier 1 Customer Support Engineer, Mac & Linux - Indi",JumpClou,https://www.linkedin.com/jobs/view/4421114141
4418839744,Newgen Develope,Infosy,https://www.linkedin.com/jobs/view/4418839744
4422935001,Staff SW Enginee,Vis,https://www.linkedin.com/jobs/view/4422935001
4425496346,Senior Software Enginee,Datavi,https://www.linkedin.com/jobs/view/4425496346
4410132883,Personal Traine,Curefi,https://www.linkedin.com/jobs/view/4410132883
4375124654,Engineering Project Leade,Apti,https://www.linkedin.com/jobs/view/4375124654
4422258174,Platform Engineer(Freelance | WFH,BeGi,https://www.linkedin.com/jobs/view/4422258174
4425413398,Junior Web Develope,vCare Denmar,https://www.linkedin.com/jobs/view/4425413398
4421848727,Sr. Developer (offshore,Stand8 Technology Consultin,https://www.linkedin.com/jobs/view/4421848727
4422894735,Software Engineering - Developmen,Kyndryl Indi,https://www.linkedin.com/jobs/view/4422894735
4325452119,Software Engineer - Frontend [India,FurtherA,https://www.linkedin.com/jobs/view/4325452119
4369212223,Senior Frontend Developer (m/f/d,SkyCell A,https://www.linkedin.com/jobs/view/4369212223
4365248661,Software Engineer (India,Acai Trave,https://www.linkedin.com/jobs/view/4365248661
4396010785,Solutions Engineer - Indi,ElevenLab,https://www.linkedin.com/jobs/view/4396010785
4419960758,Sr Enginee,Targe,https://www.linkedin.com/jobs/view/4419960758
4301168850,Front End Developer - React J,Tecnovo,https://www.linkedin.com/jobs/view/4301168850
4421609262,Computer Science Expert with Python Experience - AI Projects on Mindrif,Mindrif,https://www.linkedin.com/jobs/view/4421609262
4416138115,Engineering Manager (B2C,Hiregini,https://www.linkedin.com/jobs/view/4416138115
4415775135,React JS with Generative AI Develope,Infosy,https://www.linkedin.com/jobs/view/4415775135
4420271947,Senior Software Engineer (R14037,Oportu,https://www.linkedin.com/jobs/view/4420271947
4424349386,Lead Infrastructure Solutions Enginee,GlobalFoundrie,https://www.linkedin.com/jobs/view/4424349386
4178534534,Ayurvedic Consultant (Fertility Expert,iMum,https://www.linkedin.com/jobs/view/4178534534
4410057733,Embedded SW Engineer- AS Cor,Apti,https://www.linkedin.com/jobs/view/4410057733
4412901221,Software Enginee,Virtus,https://www.linkedin.com/jobs/view/4412901221
4419460808,Engineering Manage,Impact Analytic,https://www.linkedin.com/jobs/view/4419460808
4406272999,Customer Support Enginee,Infobi,https://www.linkedin.com/jobs/view/4406272999
4425597731,Mobile Application Developer (Remote,Hire,https://www.linkedin.com/jobs/view/4425597731
4359293488,Software Engineer - Flight Simulato,Sarla Aviatio,https://www.linkedin.com/jobs/view/4359293488
4415335059,Remote AI Enginee,Huzzle.co,https://www.linkedin.com/jobs/view/4415335059
4415475962,Golang Develope,Utthung,https://www.linkedin.com/jobs/view/4415475962
4410075008,Staff Software Development Enginee,Zscale,https://www.linkedin.com/jobs/view/4410075008
4398117888,Senior Forward Deployed Engineer - FDE - Q1-2,Infosy,https://www.linkedin.com/jobs/view/4398117888
4413513538,AI Scout - Sr Software Dev Eng,CS,https://www.linkedin.com/jobs/view/4413513538
4424363349,Technical Lea,Cognizan,https://www.linkedin.com/jobs/view/4424363349
4424587630,Mod Engineer (FDE,Kyndryl Indi,https://www.linkedin.com/jobs/view/4424587630
4406159949,Lead Software Engineer - 3D,Ecola,https://www.linkedin.com/jobs/view/4406159949
4306112559,Reactjs Develope,Kopykitab - Digibook Technologies Pvt. Lt,https://www.linkedin.com/jobs/view/4306112559
4402293088,Senior Engineer Softwar,Infineon Technologie,https://www.linkedin.com/jobs/view/4402293088
4417539481,HighByte Develope,CosMicI,https://www.linkedin.com/jobs/view/4417539481
4382426924,Principal Technical Architec,Nomis,https://www.linkedin.com/jobs/view/4382426924
4425621147,Simulation senior Associate Enginee,Caterpillar Inc,https://www.linkedin.com/jobs/view/4425621147
4417681522,Fullstack A,Virtus,https://www.linkedin.com/jobs/view/4417681522
4410097252,"Lead Systems Engineer, Microsoft Team",Vis,https://www.linkedin.com/jobs/view/4410097252
4414175401,Technical Lea,Juniper Squar,https://www.linkedin.com/jobs/view/4414175401
4416257675,Full Stack Engineer (Lead,Shur,https://www.linkedin.com/jobs/view/4416257675
4422303529,Sr Engineer - Ad Tec,Targe,https://www.linkedin.com/jobs/view/4422303529
4416116754,IT Consultin,Infosy,https://www.linkedin.com/jobs/view/4416116754
4425082466,Senior Outsystems Develope,Mitra A,https://www.linkedin.com/jobs/view/4425082466
4407270752,Software Enginee,Virtus,https://www.linkedin.com/jobs/view/4407270752
4421963450,AI Product Engineer – Node.js / React / Voice A,GRAIX,https://www.linkedin.com/jobs/view/4421963450
4286648313,Software Engineering Directo,Canonica,https://www.linkedin.com/jobs/view/4286648313
4425078033,Architec,Zensar Technologie,https://www.linkedin.com/jobs/view/4425078033
4424728044,QT/QML Develope,Suitable A,https://www.linkedin.com/jobs/view/4424728044
4414465493,Computer Scientist ,Adob,https://www.linkedin.com/jobs/view/4414465493
4421835658,Full Stack Enginee,Synmatch A,https://www.linkedin.com/jobs/view/4421835658
4420835410,Full Stack AI Develope,Braind A,https://www.linkedin.com/jobs/view/4420835410
4425691166,GTM Enginee,FullFunne,https://www.linkedin.com/jobs/view/4425691166
4400720929,Full Stack Developer Senior Specialis,Google Operations Cente,https://www.linkedin.com/jobs/view/4400720929
4424555190,Founding Enginee,Cenara A,https://www.linkedin.com/jobs/view/4424555190
4417065704,Senior Frontend Enginee,Weekday AI (YC W21,https://www.linkedin.com/jobs/view/4417065704
4377248083,"Forward Deployed Engineer, Conversational A",OmniDimensio,https://www.linkedin.com/jobs/view/4377248083
4397547447,Unreal Engine Animation Programmer (Games,iBLOXX Studios DMC,https://www.linkedin.com/jobs/view/4397547447
4404943317,Software Engineering Manage,Ecola,https://www.linkedin.com/jobs/view/4404943317
4410174293,Associate Architect Platform Enginee,Quantiph,https://www.linkedin.com/jobs/view/4410174293
4402113604,Gen AI Co pilot Architec,Infosy,https://www.linkedin.com/jobs/view/4402113604
4418504371,Senior Product Engineer,Cognizan,https://www.linkedin.com/jobs/view/4418504371
4408471240,Full Stack Developer (Internship to Job,City Green,https://www.linkedin.com/jobs/view/4408471240
4404688632,Software Engineer- AWS -Senior Associat,PwC Acceleration Center Indi,https://www.linkedin.com/jobs/view/4404688632
4415925384,Senior Engineer – Product Engineerin,Trane Technologie,https://www.linkedin.com/jobs/view/4415925384
4414682643,Staff Software Enginee,Commonwealth Ban,https://www.linkedin.com/jobs/view/4414682643
4389299303,Associate Director UX Designe,MakeMyTri,https://www.linkedin.com/jobs/view/4389299303
4409083838,Senior Engineer - ELV & IC,Jacob,https://www.linkedin.com/jobs/view/4409083838
4415376568,Mobile Game Develope,micro,https://www.linkedin.com/jobs/view/4415376568
4407088955,Senior Software Enginee,Pearso,https://www.linkedin.com/jobs/view/4407088955
4411159996,Entry-Level Frontend Engineer (9-Month Contract) - Octopus by RT,Robusta Studi,https://www.linkedin.com/jobs/view/4411159996
4417447898,Lead Software Enginee,Sigmoi,https://www.linkedin.com/jobs/view/4417447898
4407313904,Founding Software Engineer - Agentic A,Glaci,https://www.linkedin.com/jobs/view/4407313904
4404772563,Specialist SW Developers - SD,Infosy,https://www.linkedin.com/jobs/view/4404772563
4401904973,SDE III - Whatsapp Voic,HighLeve,https://www.linkedin.com/jobs/view/4401904973
4421953394,Sr. Systems Design Engineer _ TCM,Siemen,https://www.linkedin.com/jobs/view/4421953394
4403933593,Senior Software Enginee,Recr,https://www.linkedin.com/jobs/view/4403933593
4406479742,Tech Lea,Virtus,https://www.linkedin.com/jobs/view/4406479742
4412286233,Salesforce LwC/Veeva+ Health Cloud- Sr. Associat,PwC Acceleration Center Indi,https://www.linkedin.com/jobs/view/4412286233
4424506758,Staff Software Enginee,Jobgethe,https://www.linkedin.com/jobs/view/4424506758
4415961157,Zoho developer – H,Guru & Jan,https://www.linkedin.com/jobs/view/4415961157
4417085878,Senior Enginee,AtkinsRéali,https://www.linkedin.com/jobs/view/4417085878
4355947207,Principal Engineer Softwar,Palo Alto Network,https://www.linkedin.com/jobs/view/4355947207
4416885685,Principal Software Enginee,UiPat,https://www.linkedin.com/jobs/view/4416885685
4356058570,CD&E -SOC L2 Support- Senior Associate-Bangalor,PwC Acceleration Center Indi,https://www.linkedin.com/jobs/view/4356058570
4424578265,Sr. Software Engineer B,Cognizan,https://www.linkedin.com/jobs/view/4424578265
4418839751,SmartComm Develope,Infosy,https://www.linkedin.com/jobs/view/4418839751
4420186763,System Engineer ,Beckman Coulter Diagnostic,https://www.linkedin.com/jobs/view/4420186763
4425471008,Staff Software Enginee,Cohesit,https://www.linkedin.com/jobs/view/4425471008
4424345857,AI Enginee,Adob,https://www.linkedin.com/jobs/view/4424345857
4422250569,Technical Co-Founde,Zenbour,https://www.linkedin.com/jobs/view/4422250569
4397895977,Senior Software Engineer ,Upland Softwar,https://www.linkedin.com/jobs/view/4397895977
4400944008,Senior or Staff Software Enginee,Writesoni,https://www.linkedin.com/jobs/view/4400944008
4408657707,Software Engineer | Remot,Crossing Hurdle,https://www.linkedin.com/jobs/view/4408657707
4409540759,Senior Developer Advocat,MongoD,https://www.linkedin.com/jobs/view/4409540759
4361682253,Software Engineer II (Search Quality,Bloomreac,https://www.linkedin.com/jobs/view/4361682253
4418286834,IT Consultin,Infosy,https://www.linkedin.com/jobs/view/4418286834
4382791746,Sr AEM Full Stack Develope,Palo Alto Network,https://www.linkedin.com/jobs/view/4382791746
4419156703,Control Systems Enginee,Tata Advanced Systems Limite,https://www.linkedin.com/jobs/view/4419156703
4425574665,Full Stack Develope,FetchJobs.c,https://www.linkedin.com/jobs/view/4425574665
4373501026,Full Stack AI Develope,HJ Recruitmen,https://www.linkedin.com/jobs/view/4373501026
4418939855,Technical Solns.Arch. Specialist Adviso,NTT DATA North Americ,https://www.linkedin.com/jobs/view/4418939855
4358760447,Expert Software Enginee,Apti,https://www.linkedin.com/jobs/view/4358760447
4416586739,Software Dev Engr I,CS,https://www.linkedin.com/jobs/view/4416586739
4404691345,Software Development Engineer III - Contacts (Frontend,HighLeve,https://www.linkedin.com/jobs/view/4404691345
4424458692,Sr. Software Engineer B,Cognizan,https://www.linkedin.com/jobs/view/4424458692
4425667026,Game Designer - Kids Learning Ap,Brainlance,https://www.linkedin.com/jobs/view/4425667026
4390854185,[TEST] Full-Time Mid-Level Software Enginee,Carnelia,https://www.linkedin.com/jobs/view/4390854185
4418826319,Software Engineer - AI CR,TheJobsMa,https://www.linkedin.com/jobs/view/4418826319
4415579949,Carelon - Solution Architect - Healthcare EcoSyste,Carelon Global Solutions Indi,https://www.linkedin.com/jobs/view/4415579949
4402371725,Associate Tech Lea,Trane Technologie,https://www.linkedin.com/jobs/view/4402371725
4418616013,Sr. Software Development Enginee,Zscale,https://www.linkedin.com/jobs/view/4418616013
4407275735,Software Craftsperson/Full-stack/DevOps - I,Incubyt,https://www.linkedin.com/jobs/view/4407275735
4417037721,Senior Engineer (Firmware,"Lytx, Inc",https://www.linkedin.com/jobs/view/4417037721
4423380668,Manager Softwar,Infineon Technologie,https://www.linkedin.com/jobs/view/4423380668
4411618541,Mid level GenAI Engineer,NTT DATA North Americ,https://www.linkedin.com/jobs/view/4411618541
4394417108,Blockchain Senior Develope,Infosy,https://www.linkedin.com/jobs/view/4394417108
4416626777,Development Enginee,Kyndry,https://www.linkedin.com/jobs/view/4416626777
4420717986,Full Stack Develope,Genpac,https://www.linkedin.com/jobs/view/4420717986
4411589631,Software Enginee,Digil,https://www.linkedin.com/jobs/view/4411589631
4424755932,Senior React Native Engineer (React Native & AWS,3Pilla,https://www.linkedin.com/jobs/view/4424755932
4415493288,Software Architect C+,Utthung,https://www.linkedin.com/jobs/view/4415493288
4422202066,Senior Technical Analysis Enginee,Siemen,https://www.linkedin.com/jobs/view/4422202066
4418465355,REMOTE - Citrix Enginee,Labcor,https://www.linkedin.com/jobs/view/4418465355
